epoch,train_loss,valid_loss,accuracy,precision_score,recall_score,f1_score,time
0,0.9433801770210266,102.52471923828125,0.7382246255874634,0.19374082871947365,0.12478100457271601,0.13548618044361563,00:02
1,0.8438699245452881,94.08148193359375,0.7346014380455017,0.162706189029818,0.11357074386537484,0.11158005543885288,00:02
2,0.8104565739631653,20.078624725341797,0.7436594367027283,0.19867765178036448,0.11858161117395635,0.1263394158452933,00:02
3,0.8083118200302124,100.41536712646484,0.7412439584732056,0.16115256332556763,0.16426003817027862,0.1412597217528275,00:02
4,0.7934437990188599,63.724342346191406,0.7376207709312439,0.15920177931994772,0.12647292684804842,0.13187011368615997,00:02
5,0.7607010006904602,1964.2196044921875,0.7258453965187073,0.1664499423005757,0.13432687944677385,0.14082668202017118,00:02
6,0.7560137510299683,12.212536811828613,0.7339975833892822,0.16594931621012504,0.10920318574642043,0.11664523385728162,00:02
