epoch,train_loss,valid_loss,accuracy,precision_score,recall_score,f1_score,time
0,1.6082144975662231,1.3791775703430176,0.3656640648841858,0.36292714217345035,0.38685084412554005,0.27519564884183356,04:06
1,1.6527847051620483,1.2671149969100952,0.40655627846717834,0.3694526217736114,0.41009710621450707,0.2985251910251943,04:06
2,1.5602596998214722,1.2683029174804688,0.401824951171875,0.3655111538907229,0.4015486265816901,0.2936110202536005,04:06
3,1.455528736114502,1.2441385984420776,0.44102737307548523,0.37636219963175366,0.42913851972886663,0.3175357266231691,04:06
4,1.3320980072021484,1.302578330039978,0.4518418312072754,0.3714405590474446,0.414932173982852,0.3161415416958068,04:06
5,1.3177257776260376,1.2585492134094238,0.418722540140152,0.36767955017813697,0.40266719125338163,0.29998654596475044,04:06
6,1.1626495122909546,1.2070345878601074,0.44508278369903564,0.3629844404680378,0.39914605864436553,0.306497452318033,04:06
