epoch,train_loss,valid_loss,accuracy,precision_score,recall_score,f1_score,time
0,1.2435505390167236,18.81964683532715,0.43862661719322205,0.43360389769289415,0.4433569357311158,0.42885539247282495,00:00
1,1.2159899473190308,3.3066341876983643,0.45064377784729004,0.4423643271612036,0.45513416401235407,0.4402949906177345,00:00
2,1.1534664630889893,60.893802642822266,0.45922747254371643,0.4520601598906639,0.461881483639578,0.45268035363805925,00:00
3,1.1110477447509766,1.7030750513076782,0.45836910605430603,0.4530207186651798,0.4627698539401646,0.4523158490571609,00:00
4,1.0576599836349487,16.768041610717773,0.45064377784729004,0.4489655010154366,0.45669681198469897,0.4396797460684336,00:01
5,1.0226263999938965,8.035300254821777,0.482403427362442,0.4828940786883132,0.48538279254012434,0.4801383551652847,00:01
6,0.9800312519073486,5.322197914123535,0.4763948619365692,0.4827437188685981,0.47874721705254114,0.479257205843099,00:00
7,0.9317479133605957,7.459207534790039,0.44635194540023804,0.45529457417462366,0.4496295365744472,0.44665810543286705,00:00
8,0.8818951845169067,20.589309692382812,0.466094434261322,0.4633895734989439,0.46846381987625474,0.46251413019152143,00:00
