epoch,train_loss,valid_loss,accuracy,precision_score,recall_score,f1_score,time
0,0.5368996858596802,0.5069949626922607,0.84578937292099,0.4735224807167253,0.3527519040720363,0.343646922516978,19:58
1,0.5542519688606262,0.5060970187187195,0.8436355590820312,0.49415177269507976,0.35329729500803236,0.3457084750041836,19:59
2,0.5372458100318909,0.5164142847061157,0.8444970846176147,0.4959880258000802,0.3388958615829358,0.3168224957341083,19:59
3,0.5466012954711914,0.5100497603416443,0.8432047963142395,0.43939777529385166,0.35811331978201716,0.3531756494641865,19:58
4,0.566830039024353,0.5139041543006897,0.844066321849823,0.4421001313718465,0.3561327689272973,0.3497003174125315,19:58
5,0.5566239356994629,0.5149954557418823,0.8432047963142395,0.4247363374880153,0.3383852667399436,0.31655517133654354,19:58
6,0.4993770122528076,0.520304799079895,0.8432047963142395,0.43212975220562755,0.34592834584426585,0.3316053734382955,19:59
