epoch,train_loss,valid_loss,accuracy,precision_score,recall_score,f1_score,time
0,1.2692188024520874,1.101392388343811,0.5075408816337585,0.3765788627106046,0.4235013378194083,0.3439858777200331,02:35
1,1.17812180519104,1.0892603397369385,0.5304192304611206,0.38264130649023703,0.43270053706013134,0.3570755535185572,02:36
2,1.1132951974868774,1.0820289850234985,0.5240286588668823,0.3901034613044277,0.4577608920457114,0.36339324079055535,02:36
3,1.050915241241455,1.0884171724319458,0.5066462159156799,0.3807227868076213,0.43554775619639435,0.3483590192457758,02:35
4,1.0696746110916138,1.0887446403503418,0.5503578782081604,0.3772529255989294,0.42880170111972343,0.35780197115120266,02:34
5,0.9831403493881226,1.1162943840026855,0.5198108553886414,0.3811430861405709,0.4338103683481855,0.3532733378943103,02:34
