epoch,train_loss,valid_loss,accuracy,precision_score,recall_score,f1_score,time
0,1.4738966226577759,1.2471063137054443,0.359580934047699,0.35885392055343096,0.38806215729711885,0.2721783113539882,01:02
1,1.499285101890564,1.2137693166732788,0.45217978954315186,0.36129005875612014,0.3860753370192817,0.3094648701424363,01:04
2,1.338303804397583,1.2329837083816528,0.45657315850257874,0.3625352068896068,0.393757222006528,0.3109697715359052,01:02
3,1.3777968883514404,1.1786574125289917,0.4183845818042755,0.36443261637523444,0.398552761220077,0.30004332985345267,01:03
4,1.3210746049880981,1.1550954580307007,0.41162553429603577,0.36658342714661823,0.4058050341408139,0.29949285089597427,01:00
